{
  "images" : [
    {
      "idiom" : "iphone",
      "filename" : "Calligraphy-iPhone.png",
      "scale" : "1x"
    },
    {
      "idiom" : "iphone",
      "filename" : "Calligraphy-iPhone@2x.png",
      "scale" : "2x"
    },
    {
      "idiom" : "iphone",
      "filename" : "Calligraphy-iPhone@3x.png",
      "scale" : "3x"
    },
    {
      "idiom" : "ipad",
      "filename" : "Calligraphy-iPad.png",
      "scale" : "1x"
    },
    {
      "idiom" : "ipad",
      "filename" : "Calligraphy-iPad@2x.png",
      "scale" : "2x"
    }
  ],
  "info" : {
    "version" : 1,
    "author" : "xcode"
  }
}